param,name
par_x01,HMETS_RUNOFF_COEFF
par_x02,B_EXP TOPSOIL
par_x03,HBV_BETA TOPSOIL
par_x04,BASEFLOW_COEFF TOPSOIL
par_x05,MAX_BASEFLOW_RATE TOPSOIL
par_x06,BASEFLOW_N TOPSOIL
par_x07,TOPMODEL_LAMBDA
par_x08,PET_CORRECTION
par_x09,SAT_WILT
par_x10,FIELD_CAPACITY
par_x11,BASEFLOW_COEFF PHREATIC
par_x12,BASEFLOW_N PHREATIC
par_x13,SNOW_SWI_MIN
par_x14,SNOW_SWI_MAX
par_x15,SWI_REDUCT_COEFF
par_x16,DD_REFREEZE_TEMP
par_x17,REFREEZE_EXP
par_x18,REFREEZE_FACTOR
par_x19,SNOW_SWI
par_x20,GAMMA_SHAPE
par_x21,GAMMA_SCALE
par_x22,GAMMA_SHAPE2
par_x23,GAMMA_SHAPE2
par_x24,MIN_MELT_FACTOR
par_x25,MAX_MELT_ADDTN
par_x26,DD_MELT_TEMP
par_x27,DD_AGGRADATION
par_x28,PERC_COEFF TOPSOIL
par_x29,TOPSOIL_THICKNESS
par_x30,PHREATIC_THICKNESS
par_x31,RAINSNOW_TEMP
par_x32,RAINSNOW_DELTA
par_x33,RAINCORRECTION
par_x34,SNOWCORRECTION
par_x35,PERC_COEFF PHREATIC
par_x36,WETTING_FRONT_PSI
par_x37,HYDRAUL_COND
par_x38,BASEFLOW_THRESH TOPSOIL
par_x39,BASEFLOW_THRESH PHREATIC
par_x40,DEP_SEEP_K
par_x41,ABST_PERCENT
par_x42,DEP_MAX
par_x43,AET_COEFF
par_x44,MAX_BASEFLOW_RATE PHREATIC
par_x45,WIND_EXPOSURE
par_x46,PARTITION_COEFF
par_x47,MELT_FACTOR
par_x48,FOREST_SPARSENESS
par_x49,RAIN_ICEPT_PCT
par_x50,SNOW_ICEPT_PCT
par_x51,DRIP_PROPORTION
par_x52,MAX_CAPACITY
par_x53,MAX_CAP_RISE_RATE TOPSOIL
par_x54,MAX_CAP_RISE_RATE PHREATIC
par_x55,RelLAI DECREASE
par_x56,RainSnowStorMult
